applicant_id,score
"1","9.44"
"2","2.92"
"3","7.86"
"4","3.54"
"5","7.19"
"6","8.52"
"7","2.42"
"8","8.42"
"9","7.68"
"10","7.33"
"11","5.95"
"12","7.15"
"13","9.26"
"14","7.21"
"15","3.85"
"16","8.21"
"17","0.08"
"18","8.5"
"19","5.78"
"20","0.76"
"21","0.49"
"22","5.55"
"23","0.47"
"24","4.78"
"25","0.75"
"26","7.79"
"27","1.02"
"28","0.2"
"29","3.5"
"30","5.91"
"31","9.58"
"32","1.74"
"33","2.37"
"34","6.62"
"35","3.05"
"36","0.71"
"37","2.67"
"38","4.13"
"39","1.48"
"40","9.72"
"41","2.2"
"42","5.61"
"43","4.17"
"44","1.45"
"45","6.31"
"46","8.13"
"47","8.29"
"48","6.33"
"49","9.77"
"50","2.37"
"51","9.95"
"52","5.55"
"53","1.38"
"54","5.08"
"55","7.97"
"56","7.18"
"57","9.34"
"58","6.02"
"59","3.56"
"60","2.44"
"61","3.63"
"62","8.87"
"63","8.17"
"64","6.13"
"65","7.81"
"66","2.88"
"67","7.56"
"68","1.98"
"69","0.82"
"70","6.8"
"71","0.69"
"72","0.24"
"73","0.64"
"74","4.53"
"75","8.58"
"76","8.35"
"77","6.43"
"78","4.68"
"79","8.38"
"80","6.66"
"81","9.48"
"82","3.74"
"83","1.96"
"84","4.29"
"85","9.06"
"86","4.84"
"87","2.43"
"88","1.1"
"89","9.07"
"90","1.08"
"91","4.59"
"92","7.5"
"93","3.77"
"94","5.54"
"95","6.48"
"96","9.42"
"97","7.05"
"98","6.61"
"99","8.37"
"100","3.43"
"101","5.06"
"102","1.26"
"103","8.62"
"104","9.15"
"105","8.34"
"106","9.43"
"107","5.79"
"108","1.93"
"109","8.65"
"110","6.62"
"111","3.57"
"112","2.91"
"113","6.18"
"114","7.52"
"115","8.07"
"116","2.26"
"117","4.84"
"118","7.98"
"119","4.62"
"120","8.42"
"121","0.87"
"122","2.35"
"123","5.32"
"124","3.45"
"125","0.32"
"126","7.34"
"127","5.01"
"128","3.21"
"129","1.77"
"130","9.25"
"131","0.86"
"132","0.99"
"133","2.97"
"134","3.11"
"135","9.4"
"136","0.19"
"137","8.9"
"138","9.74"
"139","6.35"
"140","2.63"
"141","2.84"
"142","6.45"
"143","5.05"
"144","4.43"
"145","4.6"
"146","5.33"
"147","4.86"
"148","6.96"
"149","2.31"
"150","4.18"
"151","9.77"
"152","5.89"
"153","2.85"
"154","0.69"
"155","1.16"
"156","5.87"
"157","9.54"
"158","5.98"
"159","4.62"
"160","0.03"
"161","7.0"
"162","3.18"
"163","8.84"
"164","1.69"
"165","2.46"
"166","2.59"
"167","1.04"
"168","7.85"
"169","5.74"
"170","6.23"
"171","0.04"
"172","3.96"
"173","9.23"
"174","4.18"
"175","6.37"
"176","6.0"
"177","0.33"
"178","3.18"
"179","2.16"
"180","6.37"
"181","4.23"
"182","6.4"
"183","8.07"
"184","9.19"
"185","5.31"
"186","2.3"
"187","8.01"
"188","8.96"
"189","9.63"
"190","0.98"
"191","2.07"
"192","3.18"
"193","3.1"
"194","2.92"
"195","8.34"
"196","6.4"
"197","3.36"
"198","1.46"
"199","3.59"
"200","9.47"
"201","5.99"
"202","1.63"
"203","7.81"
"204","9.75"
"205","7.5"
"206","5.09"
"207","5.46"
"208","1.11"
"209","1.48"
"210","7.0"
"211","2.64"
"212","0.78"
"213","2.64"
"214","1.46"
"215","3.14"
"216","6.76"
"217","0.55"
"218","4.36"
"219","0.42"
"220","0.98"
"221","5.57"
"222","2.97"
"223","2.19"
"224","5.46"
"225","6.41"
"226","4.69"
"227","0.55"
"228","3.14"
"229","2.28"
"230","6.85"
"231","4.88"
"232","4.97"
"233","4.12"
"234","2.34"
"235","3.44"
"236","3.69"
"237","6.69"
"238","5.35"
"239","3.12"
"240","5.58"
"241","7.34"
"242","8.66"
"243","0.48"
"244","5.65"
"245","8.57"
"246","3.37"
"247","9.07"
"248","3.59"
"249","0.58"
"250","9.85"
"251","6.1"
"252","6.49"
"253","6.02"
"254","6.38"
"255","6.78"
"256","1.98"
"257","5.31"
"258","2.28"
"259","1.43"
"260","1.17"
"261","6.72"
"262","5.42"
"263","0.09"
"264","5.36"
"265","3.19"
"266","8.69"
"267","9.81"
"268","5.19"
"269","1.09"
"270","8.75"
"271","8.5"
"272","5.24"
"273","3.84"
"274","3.66"
"275","2.3"
"276","0.77"
"277","3.65"
"278","9.06"
"279","6.09"
"280","1.17"
"281","6.27"
"282","2.91"
"283","7.45"
"284","4.0"
"285","0.1"
"286","1.51"
"287","1.13"
"288","0.93"
"289","6.82"
"290","0.48"
"291","4.78"
"292","0.24"
"293","7.99"
"294","1.19"
"295","7.67"
"296","6.64"
"297","8.8"
"298","4.42"
"299","4.45"
"300","8.47"
"301","6.24"
"302","4.69"
"303","1.28"
"304","7.4"
"305","3.98"
"306","7.58"
"307","2.07"
"308","5.98"
"309","5.71"
"310","0.24"
"311","9.78"
"312","0.11"
"313","3.25"
"314","4.04"
"315","5.33"
"316","3.1"
"317","2.57"
"318","8.59"
"319","3.77"
"320","9.29"
"321","4.5"
"322","2.69"
"323","2.86"
"324","2.51"
"325","2.55"
"326","4.29"
"327","1.67"
"328","5.14"
"329","1.14"
"330","7.65"
"331","2.79"
"332","7.61"
"333","5.21"
"334","5.46"
"335","2.0"
"336","2.41"
"337","2.07"
"338","2.21"
"339","7.46"
"340","5.73"
"341","4.47"
"342","5.47"
"343","4.67"
"344","3.98"
"345","2.13"
"346","8.26"
"347","4.07"
"348","4.08"
"349","3.42"
"350","1.33"
"351","7.57"
"352","9.28"
"353","4.85"
"354","5.49"
"355","9.88"
"356","0.51"
"357","3.9"
"358","5.51"
"359","5.61"
"360","8.21"
"361","4.46"
"362","1.74"
"363","2.27"
"364","1.97"
"365","3.51"
"366","7.5"
"367","5.24"
"368","9.1"
"369","9.74"
"370","7.22"
"371","8.94"
"372","0.71"
"373","6.77"
"374","4.45"
"375","2.87"
"376","5.25"
"377","0.98"
"378","2.93"
"379","3.39"
"380","6.35"
"381","5.76"
"382","5.17"
"383","0.77"
"384","4.36"
"385","3.18"
"386","9.43"
"387","2.22"
"388","3.86"
"389","5.09"
"390","0.14"
"391","7.31"
"392","3.64"
"393","6.82"
"394","3.52"
"395","6.12"
"396","2.54"
"397","8.81"
"398","6.18"
"399","7.28"
"400","5.12"
"401","5.64"
"402","0.4"
"403","8.1"
"404","6.29"
"405","5.91"
"406","5.41"
"407","7.44"
"408","8.63"
"409","1.38"
"410","5.39"
"411","4.99"
"412","8.82"
"413","3.93"
"414","0.65"
"415","3.38"
"416","1.61"
"417","3.17"
"418","7.67"
"419","2.96"
"420","5.37"
"421","9.72"
"422","3.59"
"423","5.33"
"424","7.28"
"425","5.28"
"426","0.99"
"427","0.75"
"428","1.67"
"429","7.32"
"430","5.37"
"431","2.18"
"432","7.05"
"433","5.85"
"434","0.24"
"435","6.87"
"436","0.69"
"437","4.98"
"438","6.41"
"439","4.45"
"440","7.88"
"441","7.53"
"442","8.27"
"443","4.82"
"444","7.45"
"445","0.08"
"446","7.4"
"447","8.88"
"448","0.26"
"449","1.22"
"450","9.25"
"451","4.35"
"452","5.76"
"453","0.43"
"454","5.08"
"455","2.62"
"456","0.81"
"457","4.62"
"458","6.36"
"459","4.24"
"460","3.71"
"461","8.41"
"462","9.26"
"463","6.89"
"464","4.17"
"465","1.68"
"466","8.19"
"467","6.2"
"468","3.2"
"469","7.87"
"470","7.42"
"471","4.26"
"472","7.17"
"473","1.72"
"474","8.65"
"475","5.91"
"476","9.81"
"477","1.0"
"478","2.47"
"479","4.32"
"480","4.04"
"481","0.0"
"482","4.3"
"483","0.39"
"484","2.69"
"485","8.7"
"486","8.85"
"487","1.56"
"488","9.24"
"489","8.53"
"490","5.95"
"491","6.49"
"492","6.3"
"493","1.87"
"494","3.02"
"495","0.47"
"496","6.16"
"497","0.3"
"498","2.55"
"499","5.47"
"500","9.8"
"501","8.21"
"502","5.09"
"503","8.51"
"504","2.87"
"505","6.16"
"506","2.19"
"507","5.7"
"508","7.15"
"509","8.44"
"510","3.98"
"511","0.74"
"512","7.09"
"513","4.83"
"514","6.05"
"515","9.18"
"516","2.23"
"517","2.83"
"518","5.52"
"519","3.75"
"520","0.6"
"521","3.84"
"522","3.05"
"523","8.04"
"524","6.99"
"525","5.71"
"526","3.66"
"527","0.18"
"528","7.13"
"529","0.94"
"530","4.4"
"531","7.04"
"532","8.37"
"533","3.16"
"534","3.68"
"535","4.71"
"536","2.2"
"537","5.53"
"538","5.67"
"539","1.23"
"540","2.4"
"541","8.23"
"542","9.06"
"543","9.31"
"544","3.19"
"545","0.2"
"546","1.33"
"547","8.01"
"548","4.26"
"549","5.34"
"550","9.96"
"551","3.89"
"552","1.39"
"553","4.86"
"554","2.04"
"555","2.72"
"556","7.85"
"557","8.22"
"558","9.11"
"559","6.97"
"560","0.74"
"561","6.54"
"562","5.08"
"563","0.26"
"564","3.73"
"565","9.22"
"566","9.99"
"567","4.57"
"568","1.01"
"569","6.08"
"570","0.89"
"571","3.86"
"572","0.44"
"573","4.99"
"574","4.13"
"575","5.54"
"576","2.72"
"577","1.8"
"578","7.46"
"579","2.0"
"580","1.43"
"581","8.55"
"582","6.87"
"583","1.12"
"584","7.43"
"585","9.82"
"586","5.79"
"587","7.41"
"588","7.78"
"589","2.28"
"590","4.44"
"591","4.8"
"592","4.55"
"593","2.36"
"594","9.93"
"595","7.12"
"596","2.68"
"597","9.94"
"598","3.89"
"599","1.61"
"600","1.22"
"601","8.02"
"602","6.05"
"603","0.41"
"604","7.36"
"605","3.05"
"606","1.23"
"607","4.01"
"608","6.43"
"609","8.18"
"610","4.69"
"611","3.47"
"612","2.88"
"613","4.59"
"614","1.64"
"615","2.93"
"616","8.11"
"617","0.87"
"618","0.58"
"619","7.94"
"620","8.99"
"621","6.89"
"622","2.89"
"623","3.37"
"624","1.41"
"625","6.38"
"626","8.76"
"627","5.39"
"628","4.33"
"629","5.63"
"630","5.49"
"631","4.25"
"632","5.66"
"633","8.11"
"634","3.69"
"635","2.08"
"636","5.07"
"637","8.8"
"638","8.39"
"639","6.3"
"640","3.61"
"641","3.86"
"642","4.14"
"643","7.43"
"644","2.63"
"645","7.25"
"646","1.2"
"647","3.03"
"648","3.07"
"649","5.1"
"650","0.17"
"651","5.0"
"652","2.77"
"653","8.41"
"654","2.54"
"655","7.41"
"656","5.88"
"657","5.76"
"658","4.07"
"659","4.36"
"660","5.26"
"661","4.07"
"662","3.4"
"663","4.07"
"664","1.0"
"665","7.15"
"666","3.05"
"667","6.05"
"668","9.57"
"669","6.77"
"670","3.41"
"671","3.55"
"672","6.61"
"673","0.16"
"674","9.57"
"675","2.79"
"676","6.8"
"677","9.13"
"678","2.52"
"679","9.51"
"680","8.92"
"681","5.89"
"682","7.69"
"683","7.83"
"684","1.17"
"685","4.81"
"686","3.79"
"687","2.88"
"688","4.88"
"689","0.24"
"690","1.62"
"691","1.35"
"692","0.67"
"693","4.98"
"694","3.25"
"695","8.06"
"696","0.97"
"697","3.3"
"698","2.51"
"699","2.31"
"700","8.65"
"701","0.7"
"702","3.07"
"703","6.75"
"704","0.13"
"705","8.52"
"706","3.76"
"707","8.52"
"708","2.04"
"709","1.19"
"710","6.6"
"711","0.26"
"712","1.61"
"713","8.23"
"714","0.89"
"715","2.06"
"716","7.49"
"717","7.45"
"718","7.02"
"719","8.11"
"720","1.02"
"721","1.78"
"722","5.76"
"723","6.41"
"724","0.7"
"725","9.28"
"726","0.63"
"727","2.27"
"728","4.99"
"729","1.06"
"730","1.17"
"731","9.22"
"732","3.73"
"733","8.03"
"734","7.93"
"735","2.58"
"736","4.62"
"737","7.21"
"738","2.53"
"739","4.9"
"740","2.37"
"741","7.21"
"742","0.39"
"743","0.43"
"744","2.12"
"745","5.96"
"746","6.93"
"747","0.41"
"748","1.19"
"749","5.77"
"750","3.72"
"751","3.68"
"752","9.0"
"753","1.26"
"754","6.34"
"755","4.09"
"756","1.33"
"757","9.91"
"758","5.24"
"759","8.03"
"760","3.2"
"761","4.8"
"762","5.63"
"763","7.72"
"764","6.64"
"765","2.09"
"766","0.59"
"767","0.98"
"768","4.15"
"769","8.76"
"770","0.29"
"771","0.41"
"772","3.57"
"773","5.44"
"774","6.93"
"775","2.1"
"776","9.08"
"777","0.83"
"778","5.64"
"779","9.73"
"780","2.17"
"781","6.2"
"782","6.99"
"783","3.24"
"784","0.36"
"785","8.16"
"786","1.31"
"787","2.56"
"788","6.49"
"789","5.68"
"790","9.93"
"791","6.16"
"792","4.64"
"793","3.73"
"794","7.26"
"795","5.87"
"796","5.73"
"797","6.71"
"798","8.65"
"799","7.92"
"800","2.74"
"801","7.61"
"802","3.37"
"803","9.94"
"804","4.3"
"805","5.46"
"806","8.97"
"807","1.32"
"808","3.99"
"809","3.1"
"810","6.62"
"811","7.02"
"812","6.91"
"813","4.8"
"814","9.02"
"815","2.3"
"816","3.11"
"817","8.09"
"818","9.03"
"819","4.49"
"820","2.83"
"821","5.14"
"822","1.33"
"823","6.46"
"824","2.23"
"825","6.18"
"826","8.56"
"827","0.94"
"828","0.16"
"829","4.21"
"830","4.42"
"831","0.17"
"832","8.03"
"833","5.1"
"834","7.54"
"835","5.41"
"836","4.1"
"837","5.52"
"838","5.89"
"839","3.07"
"840","7.78"
"841","4.21"
"842","2.97"
"843","5.5"
"844","2.07"
"845","6.68"
"846","2.23"
"847","9.43"
"848","5.38"
"849","0.75"
"850","3.54"
"851","6.58"
"852","6.35"
"853","9.65"
"854","0.64"
"855","1.45"
"856","6.62"
"857","8.89"
"858","0.28"
"859","1.67"
"860","7.6"
"861","3.52"
"862","7.02"
"863","0.3"
"864","9.16"
"865","8.02"
"866","5.41"
"867","7.79"
"868","2.21"
"869","6.84"
"870","6.56"
"871","1.61"
"872","0.88"
"873","8.51"
"874","1.54"
"875","2.82"
"876","6.23"
"877","0.57"
"878","1.24"
"879","2.28"
"880","2.75"
"881","3.8"
"882","3.68"
"883","2.41"
"884","0.45"
"885","2.92"
"886","1.79"
"887","6.57"
"888","1.59"
"889","4.28"
"890","4.18"
"891","0.75"
"892","5.27"
"893","7.63"
"894","9.66"
"895","7.82"
"896","1.84"
"897","8.03"
"898","5.62"
"899","7.18"
"900","9.73"
"901","8.84"
"902","7.45"
"903","9.77"
"904","6.32"
"905","9.92"
"906","7.76"
"907","2.64"
"908","1.03"
"909","9.55"
"910","6.98"
"911","3.48"
"912","8.14"
"913","8.42"
"914","3.57"
"915","2.12"
"916","9.38"
"917","3.23"
"918","5.88"
"919","1.54"
"920","0.09"
"921","4.21"
"922","5.71"
"923","8.37"
"924","4.47"
"925","8.93"
"926","0.59"
"927","6.41"
"928","3.22"
"929","0.27"
"930","1.83"
"931","3.24"
"932","9.5"
"933","8.02"
"934","5.96"
"935","3.71"
"936","4.46"
"937","5.35"
"938","0.64"
"939","5.99"
"940","5.67"
"941","5.87"
"942","6.98"
"943","0.9"
"944","3.32"
"945","4.87"
"946","6.73"
"947","8.2"
"948","8.46"
"949","9.97"
"950","6.54"
"951","3.76"
"952","5.72"
"953","9.83"
"954","9.85"
"955","2.91"
"956","7.03"
"957","4.51"
"958","3.89"
"959","6.02"
"960","4.81"
"961","3.15"
"962","3.76"
"963","1.17"
"964","4.66"
"965","5.79"
"966","2.6"
"967","8.34"
"968","7.53"
"969","0.47"
"970","4.1"
"971","7.7"
"972","9.07"
"973","6.49"
"974","0.27"
"975","4.8"
"976","4.42"
"977","6.22"
"978","7.17"
"979","2.26"
"980","4.48"
"981","6.39"
"982","9.75"
"983","1.58"
"984","5.72"
"985","7.09"
"986","4.41"
"987","2.87"
"988","6.69"
"989","0.16"
"990","3.62"
"991","0.95"
"992","1.65"
"993","0.41"
"994","9.52"
"995","6.49"
"996","5.75"
"997","9.69"
"998","0.43"
"999","8.04"
"1000","8.33"
"1001","2.12"
"1002","9.06"
"1003","0.83"
"1004","2.9"
"1005","9.82"
"1006","5.64"
"1007","0.34"
"1008","2.46"
"1009","3.3"
"1010","5.78"
"1011","9.13"
"1012","8.89"
"1013","7.25"
"1014","6.11"
"1015","5.0"
"1016","7.7"
"1017","1.39"
"1018","4.12"
"1019","2.79"
"1020","7.31"
"1021","2.42"
"1022","6.23"
"1023","3.25"
"1024","8.8"
"1025","7.44"
"1026","6.2"
"1027","1.67"
"1028","0.2"
"1029","7.18"
"1030","8.11"
"1031","9.86"
"1032","0.84"
"1033","7.51"
"1034","1.12"
"1035","3.57"
"1036","7.73"
"1037","4.33"
"1038","7.38"
"1039","0.0"
"1040","8.5"
"1041","3.49"
"1042","5.29"
"1043","0.05"
"1044","3.06"
"1045","7.1"
"1046","7.65"
"1047","6.81"
"1048","0.26"
"1049","7.02"
"1050","1.78"
"1051","4.94"
"1052","4.04"
"1053","6.88"
"1054","6.2"
"1055","9.64"
"1056","0.82"
"1057","2.16"
"1058","2.46"
"1059","0.79"
"1060","7.37"
"1061","7.64"
"1062","0.53"
"1063","6.25"
"1064","1.18"
"1065","1.9"
"1066","2.9"
"1067","0.7"
"1068","5.35"
"1069","6.29"
"1070","3.27"
"1071","3.99"
"1072","6.2"
"1073","8.86"
"1074","1.78"
"1075","0.56"
"1076","6.67"
"1077","7.53"
"1078","5.69"
"1079","1.0"
"1080","2.06"
"1081","4.93"
"1082","9.94"
"1083","7.57"
"1084","0.68"
"1085","8.63"
"1086","8.33"
"1087","1.97"
"1088","0.51"
"1089","4.65"
"1090","9.06"
"1091","6.38"
"1092","5.95"
"1093","7.76"
"1094","0.97"
"1095","4.9"
"1096","3.63"
"1097","0.26"
"1098","4.79"
"1099","7.92"
"1100","6.72"
"1101","1.29"
"1102","4.58"
"1103","4.16"
"1104","6.89"
"1105","1.29"
"1106","3.29"
"1107","3.39"
"1108","4.72"
"1109","2.19"
"1110","2.33"
"1111","6.75"
"1112","8.72"
"1113","4.02"
"1114","7.68"
"1115","2.93"
"1116","3.49"
"1117","3.5"
"1118","1.11"
"1119","2.0"
"1120","6.99"
"1121","4.85"
"1122","7.39"
"1123","4.44"
"1124","4.91"
"1125","3.82"
"1126","6.94"
"1127","0.75"
"1128","9.23"
"1129","6.29"
"1130","6.67"
"1131","1.86"
"1132","3.84"
"1133","7.69"
"1134","5.26"
"1135","4.28"
"1136","2.93"
"1137","8.34"
"1138","0.17"
"1139","3.91"
"1140","6.2"
"1141","5.46"
"1142","8.31"
"1143","4.47"
"1144","9.91"
"1145","9.57"
"1146","6.57"
"1147","9.12"
"1148","2.71"
"1149","7.96"
"1150","6.37"
"1151","5.34"
"1152","4.86"
"1153","5.26"
"1154","9.18"
"1155","7.62"
"1156","7.7"
"1157","9.15"
"1158","5.97"
"1159","5.01"
"1160","8.45"
"1161","3.74"
"1162","8.13"
"1163","8.61"
"1164","1.42"
"1165","5.97"
"1166","4.1"
"1167","2.56"
"1168","2.57"
"1169","9.14"
"1170","3.66"
"1171","0.27"
"1172","8.33"
"1173","8.17"
"1174","6.15"
"1175","4.0"
"1176","1.92"
"1177","1.27"
"1178","5.92"
"1179","0.21"
"1180","5.09"
"1181","0.14"
"1182","7.46"
"1183","8.29"
"1184","9.33"
"1185","8.44"
"1186","3.62"
"1187","2.85"
"1188","6.11"
"1189","2.27"
"1190","5.47"
"1191","6.22"
"1192","2.56"
"1193","8.1"
"1194","6.46"
"1195","2.29"
"1196","9.61"
"1197","2.46"
"1198","4.32"
"1199","7.39"
"1200","5.88"
"1201","9.44"
"1202","1.63"
"1203","6.7"
"1204","6.38"
"1205","1.15"
"1206","9.72"
"1207","8.43"
"1208","8.6"
"1209","4.94"
"1210","5.93"
"1211","6.48"
"1212","9.79"
"1213","5.62"
"1214","9.59"
"1215","7.39"
"1216","4.84"
"1217","1.69"
"1218","6.24"
"1219","9.67"
"1220","9.9"
"1221","1.06"
"1222","7.53"
"1223","0.68"
"1224","7.69"
"1225","9.1"
"1226","1.87"
"1227","8.15"
"1228","6.57"
"1229","3.1"
"1230","9.98"
"1231","2.37"
"1232","7.27"
"1233","8.81"
"1234","8.26"
"1235","3.85"
"1236","5.31"
"1237","0.47"
"1238","5.84"
"1239","1.28"
"1240","8.5"
"1241","4.07"
"1242","4.21"
"1243","1.53"
"1244","2.38"
"1245","2.81"
"1246","7.19"
"1247","8.01"
"1248","5.06"
"1249","7.04"
"1250","9.72"
"1251","5.7"
"1252","6.38"
"1253","3.17"
"1254","9.45"
"1255","5.22"
"1256","1.98"
"1257","0.24"
"1258","0.12"
"1259","7.44"
"1260","3.38"
"1261","0.4"
"1262","6.42"
"1263","1.68"
"1264","0.47"
"1265","6.03"
"1266","1.36"
"1267","9.81"
"1268","1.94"
"1269","5.17"
"1270","8.72"
"1271","3.4"
"1272","9.28"
"1273","6.87"
"1274","8.66"
"1275","4.96"
"1276","2.07"
"1277","5.93"
"1278","0.44"
"1279","1.73"
"1280","4.96"
"1281","2.7"
"1282","4.69"
"1283","9.52"
"1284","5.6"
"1285","7.51"
"1286","9.19"
"1287","7.86"
"1288","4.34"
"1289","0.46"
"1290","0.23"
"1291","6.71"
"1292","2.95"
"1293","4.97"
"1294","0.83"
"1295","0.16"
"1296","6.26"
"1297","6.64"
"1298","5.07"
"1299","1.74"
"1300","2.03"
"1301","1.64"
"1302","5.19"
"1303","9.02"
"1304","3.57"
"1305","5.54"
"1306","4.91"
"1307","5.17"
"1308","1.31"
"1309","6.21"
"1310","6.35"
"1311","2.14"
"1312","7.46"
"1313","2.7"
"1314","5.33"
"1315","9.03"
"1316","5.58"
"1317","8.17"
"1318","7.58"
"1319","4.46"
"1320","9.74"
"1321","5.89"
"1322","0.13"
"1323","3.6"
"1324","9.93"
"1325","2.97"
"1326","6.85"
"1327","0.58"
"1328","4.32"
"1329","0.21"
"1330","3.69"
"1331","1.97"
"1332","4.86"
"1333","5.51"
"1334","0.34"
"1335","9.78"
"1336","7.01"
"1337","0.46"
"1338","5.47"
"1339","7.09"
"1340","4.87"
"1341","5.48"
"1342","0.12"
"1343","4.81"
"1344","2.56"
"1345","9.65"
"1346","8.63"
"1347","1.18"
"1348","1.84"
"1349","1.2"
"1350","2.35"
"1351","7.01"
"1352","0.87"
"1353","0.49"
"1354","2.8"
"1355","8.12"
"1356","8.16"
"1357","8.35"
"1358","5.62"
"1359","9.3"
"1360","0.15"
"1361","4.89"
"1362","4.96"
"1363","4.95"
"1364","9.65"
"1365","9.49"
"1366","1.85"
"1367","4.58"
"1368","8.74"
"1369","4.83"
"1370","4.65"
"1371","0.7"
"1372","3.01"
"1373","1.18"
"1374","5.74"
"1375","1.52"
"1376","5.03"
"1377","8.55"
"1378","0.18"
"1379","0.45"
"1380","9.46"
"1381","9.12"
"1382","5.7"
"1383","8.43"
"1384","0.31"
"1385","0.97"
"1386","1.33"
"1387","4.0"
"1388","3.14"
"1389","1.77"
"1390","8.33"
"1391","1.19"
"1392","9.23"
"1393","2.49"
"1394","0.34"
"1395","0.82"
"1396","8.15"
"1397","3.91"
"1398","3.57"
"1399","0.96"
"1400","4.76"
"1401","2.19"
"1402","9.18"
"1403","2.27"
"1404","1.16"
"1405","5.35"
"1406","8.13"
"1407","8.05"
"1408","6.05"
"1409","2.59"
"1410","6.75"
"1411","4.86"
"1412","9.63"
"1413","6.96"
"1414","5.73"
"1415","9.59"
"1416","9.43"
"1417","4.49"
"1418","6.71"
"1419","7.18"
"1420","3.34"
"1421","8.1"
"1422","7.84"
"1423","2.77"
"1424","7.97"
"1425","9.84"
"1426","1.84"
"1427","6.55"
"1428","4.76"
"1429","1.57"
"1430","4.95"
"1431","8.64"
"1432","2.22"
"1433","0.32"
"1434","9.15"
"1435","4.01"
"1436","7.73"
"1437","7.67"
"1438","4.18"
"1439","6.54"
"1440","8.08"
"1441","6.79"
"1442","8.03"
"1443","6.32"
"1444","5.81"
"1445","8.21"
"1446","2.74"
"1447","4.65"
"1448","2.03"
"1449","0.64"
"1450","8.27"
"1451","8.7"
"1452","3.52"
"1453","3.36"
"1454","6.59"
"1455","1.19"
"1456","1.8"
"1457","1.41"
"1458","5.48"
"1459","2.82"
"1460","1.25"
"1461","5.64"
"1462","3.62"
"1463","5.43"
"1464","9.86"
"1465","4.41"
"1466","5.63"
"1467","9.96"
"1468","1.15"
"1469","0.6"
"1470","4.5"
"1471","0.72"
"1472","1.22"
"1473","4.21"
"1474","1.88"
"1475","1.64"
"1476","0.46"
"1477","3.17"
"1478","9.72"
"1479","6.1"
"1480","1.62"
"1481","9.9"
"1482","4.5"
"1483","2.39"
"1484","6.89"
"1485","4.58"
"1486","3.14"
"1487","4.3"
"1488","0.66"
"1489","9.79"
"1490","2.03"
"1491","4.46"
"1492","1.08"
"1493","6.54"
"1494","4.79"
"1495","4.2"
"1496","7.04"
"1497","3.84"
"1498","7.86"
"1499","7.95"
"1500","8.51"
"1","4.33"
"2","0.82"
"3","4.77"
"4","7.58"
"5","9.32"
"6","0.99"
"7","0.59"
"8","0.39"
"9","5.06"
"10","3.89"
"11","0.1"
"12","5.68"
"13","1.61"
"14","4.41"
"15","6.67"
"16","8.66"
"17","3.94"
"18","2.5"
"19","6.82"
"20","4.38"
"21","6.19"
"22","4.86"
"23","5.83"
"24","9.81"
"25","8.24"
"26","6.02"
"27","9.66"
"28","9.21"
"29","7.7"
"30","9.69"
"31","5.28"
"32","1.13"
"33","9.29"
"34","1.3"
"35","8.93"
"36","6.97"
"37","9.02"
"38","5.09"
"39","0.76"
"40","9.95"
"41","8.32"
"42","4.81"
"43","8.41"
"44","1.41"
"45","5.81"
"46","2.71"
"47","0.31"
"48","1.56"
"49","2.44"
"50","8.99"
"51","2.83"
"52","4.42"
"53","6.08"
"54","7.91"
"55","9.49"
"56","5.63"
"57","0.99"
"58","7.59"
"59","7.89"
"60","9.82"
"61","2.39"
"62","5.95"
"63","4.26"
"64","0.76"
"65","5.2"
"66","9.14"
"67","0.58"
"68","5.99"
"69","7.38"
"70","8.17"
"71","8.21"
"72","3.89"
"73","4.15"
"74","8.72"
"75","8.4"
"76","2.45"
"77","4.71"
"78","3.36"
"79","3.16"
"80","8.93"
"81","0.03"
"82","7.41"
"83","6.66"
"84","6.03"
"85","2.16"
"86","4.34"
"87","3.83"
"88","5.35"
"89","4.83"
"90","0.13"
"91","7.39"
"92","8.87"
"93","4.16"
"94","3.58"
"95","1.36"
"96","0.73"
"97","9.52"
"98","3.47"
"99","5.45"
"100","1.43"
"101","2.24"
"102","9.6"
"103","4.57"
"104","3.06"
"105","8.17"
"106","5.61"
"107","4.14"
"108","3.61"
"109","3.84"
"110","7.57"
"111","5.98"
"112","5.24"
"113","7.05"
"114","1.28"
"115","8.27"
"116","3.08"
"117","2.59"
"118","5.08"
"119","4.13"
"120","4.31"
"121","2.98"
"122","6.73"
"123","2.52"
"124","3.03"
"125","5.67"
"126","5.93"
"127","0.31"
"128","0.15"
"129","2.06"
"130","5.86"
"131","7.3"
"132","4.1"
"133","0.57"
"134","7.26"
"135","2.91"
"136","4.56"
"137","4.79"
"138","0.09"
"139","3.46"
"140","8.02"
"141","0.82"
"142","0.98"
"143","3.79"
"144","3.81"
"145","6.36"
"146","6.97"
"147","7.12"
"148","5.07"
"149","6.09"
"150","6.07"
"151","6.44"
"152","2.3"
"153","2.75"
"154","6.88"
"155","4.71"
"156","9.91"
"157","9.13"
"158","7.69"
"159","3.02"
"160","2.13"
"161","8.03"
"162","1.24"
"163","8.59"
"164","7.68"
"165","7.97"
"166","3.15"
"167","8.65"
"168","6.93"
"169","1.49"
"170","5.54"
"171","1.3"
"172","3.14"
"173","6.95"
"174","3.28"
"175","0.04"
"176","3.5"
"177","7.43"
"178","9.48"
"179","3.09"
"180","8.62"
"181","5.97"
"182","3.76"
"183","5.16"
"184","6.52"
"185","0.37"
"186","4.19"
"187","4.72"
"188","5.57"
"189","3.47"
"190","7.22"
"191","6.01"
"192","5.17"
"193","4.24"
"194","2.4"
"195","3.8"
"196","4.89"
"197","5.88"
"198","2.92"
"199","3.34"
"200","3.25"
"201","0.31"
"202","1.26"
"203","6.06"
"204","5.39"
"205","3.45"
"206","7.79"
"207","6.63"
"208","8.44"
"209","4.76"
"210","5.16"
"211","4.79"
"212","8.09"
"213","8.08"
"214","7.17"
"215","2.85"
"216","6.27"
"217","3.47"
"218","3.85"
"219","4.27"
"220","2.96"
"221","6.2"
"222","1.93"
"223","2.67"
"224","8.83"
"225","3.75"
"226","3.42"
"227","4.11"
"228","7.19"
"229","4.05"
"230","2.99"
"231","0.79"
"232","9.07"
"233","9.84"
"234","6.86"
"235","3.72"
"236","1.78"
"237","3.56"
"238","4.75"
"239","3.81"
"240","4.88"
"241","3.24"
"242","1.89"
"243","7.53"
"244","3.67"
"245","3.4"
"246","8.43"
"247","0.68"
"248","3.18"
"249","8.99"
"250","2.01"
"251","1.15"
"252","8.27"
"253","5.35"
"254","1.24"
"255","0.73"
"256","1.55"
"257","8.41"
"258","10.0"
"259","2.39"
"260","7.62"
"261","7.16"
"262","3.75"
"263","7.12"
"264","6.9"
"265","6.84"
"266","7.3"
"267","8.85"
"268","5.93"
"269","8.77"
"270","8.04"
"271","6.49"
"272","1.35"
"273","8.44"
"274","7.11"
"275","8.87"
"276","0.56"
"277","7.63"
"278","8.29"
"279","8.91"
"280","4.85"
"281","8.03"
"282","7.62"
"283","4.21"
"284","8.09"
"285","4.16"
"286","0.34"
"287","8.72"
"288","2.43"
"289","6.98"
"290","6.3"
"291","0.67"
"292","9.19"
"293","8.02"
"294","0.09"
"295","1.54"
"296","7.31"
"297","9.88"
"298","1.75"
"299","1.94"
"300","4.61"
"301","1.97"
"302","9.37"
"303","7.57"
"304","0.76"
"305","8.33"
"306","9.89"
"307","2.44"
"308","6.43"
"309","6.96"
"310","2.13"
"311","5.56"
"312","4.63"
"313","9.37"
"314","6.01"
"315","3.87"
"316","2.69"
"317","9.07"
"318","9.81"
"319","7.2"
"320","2.72"
"321","8.32"
"322","4.1"
"323","9.12"
"324","7.94"
"325","7.48"
"326","4.66"
"327","9.48"
"328","3.22"
"329","6.19"
"330","0.57"
"331","3.3"
"332","5.26"
"333","8.54"
"334","3.0"
"335","0.4"
"336","7.03"
"337","5.16"
"338","8.52"
"339","7.65"
"340","5.79"
"341","9.0"
"342","5.36"
"343","4.82"
"344","5.09"
"345","2.73"
"346","2.97"
"347","0.44"
"348","7.81"
"349","0.62"
"350","3.57"
"351","3.31"
"352","1.03"
"353","1.98"
"354","2.36"
"355","9.1"
"356","3.64"
"357","6.66"
"358","7.36"
"359","1.24"
"360","5.46"
"361","3.96"
"362","4.55"
"363","7.94"
"364","3.25"
"365","7.16"
"366","5.24"
"367","4.26"
"368","5.21"
"369","9.34"
"370","9.24"
"371","8.71"
"372","1.49"
"373","8.42"
"374","3.22"
"375","7.04"
"376","7.81"
"377","8.79"
"378","4.49"
"379","3.04"
"380","8.29"
"381","1.85"
"382","3.68"
"383","9.52"
"384","8.63"
"385","9.75"
"386","3.55"
"387","7.02"
"388","7.54"
"389","7.79"
"390","0.7"
"391","7.27"
"392","6.14"
"393","6.76"
"394","9.7"
"395","0.38"
"396","0.8"
"397","7.23"
"398","3.18"
"399","6.83"
"400","3.11"
"401","1.17"
"402","8.54"
"403","2.38"
"404","5.32"
"405","8.38"
"406","1.24"
"407","5.47"
"408","6.93"
"409","3.21"
"410","2.64"
"411","6.65"
"412","6.96"
"413","5.11"
"414","7.82"
"415","2.46"
"416","3.95"
"417","5.79"
"418","2.21"
"419","9.96"
"420","4.69"
"421","7.0"
"422","7.02"
"423","7.74"
"424","1.98"
"425","8.09"
"426","8.51"
"427","6.08"
"428","5.24"
"429","0.14"
"430","6.09"
"431","9.58"
"432","0.06"
"433","4.74"
"434","1.56"
"435","9.63"
"436","5.63"
"437","5.69"
"438","4.06"
"439","5.69"
"440","5.45"
"441","3.71"
"442","7.81"
"443","9.9"
"444","2.82"
"445","1.85"
"446","5.0"
"447","6.69"
"448","0.24"
"449","9.14"
"450","9.32"
"451","4.99"
"452","3.07"
"453","3.0"
"454","4.28"
"455","9.36"
"456","8.53"
"457","7.09"
"458","8.93"
"459","9.82"
"460","8.31"
"461","9.77"
"462","2.02"
"463","1.44"
"464","0.39"
"465","7.09"
"466","4.62"
"467","4.58"
"468","10.0"
"469","1.43"
"470","9.18"
"471","5.82"
"472","3.13"
"473","9.71"
"474","8.01"
"475","9.91"
"476","1.79"
"477","5.23"
"478","1.67"
"479","1.43"
"480","5.22"
"481","8.1"
"482","8.02"
"483","0.55"
"484","3.79"
"485","8.34"
"486","8.76"
"487","9.41"
"488","4.98"
"489","8.06"
"490","9.6"
"491","0.66"
"492","1.5"
"493","3.7"
"494","9.8"
"495","8.4"
"496","0.93"
"497","8.84"
"498","3.6"
"499","9.72"
"500","0.58"
"501","1.1"
"502","1.22"
"503","6.21"
"504","7.65"
"505","1.51"
"506","5.08"
"507","7.4"
"508","1.27"
"509","2.91"
"510","4.01"
"511","0.78"
"512","2.21"
"513","8.77"
"514","6.23"
"515","6.24"
"516","4.74"
"517","9.15"
"518","8.28"
"519","7.8"
"520","7.46"
"521","1.73"
"522","4.52"
"523","6.9"
"524","4.9"
"525","0.06"
"526","2.57"
"527","3.49"
"528","7.89"
"529","6.25"
"530","8.83"
"531","8.36"
"532","1.27"
"533","5.29"
"534","5.64"
"535","5.99"
"536","5.53"
"537","3.98"
"538","8.44"
"539","0.97"
"540","5.13"
"541","8.55"
"542","6.44"
"543","4.24"
"544","9.84"
"545","2.02"
"546","0.93"
"547","3.64"
"548","7.99"
"549","9.72"
"550","2.52"
"551","1.0"
"552","6.14"
"553","1.56"
"554","3.38"
"555","2.8"
"556","3.12"
"557","6.04"
"558","7.73"
"559","1.64"
"560","0.1"
"561","6.88"
"562","0.94"
"563","3.97"
"564","4.51"
"565","5.96"
"566","0.87"
"567","9.23"
"568","2.81"
"569","6.41"
"570","7.12"
"571","4.85"
"572","4.98"
"573","6.28"
"574","6.5"
"575","5.42"
"576","8.96"
"577","6.97"
"578","2.16"
"579","5.13"
"580","4.1"
"581","9.98"
"582","1.04"
"583","5.48"
"584","8.98"
"585","8.16"
"586","0.52"
"587","6.55"
"588","8.57"
"589","7.05"
"590","5.68"
"591","8.53"
"592","2.51"
"593","3.47"
"594","8.27"
"595","3.9"
"596","2.23"
"597","9.14"
"598","7.97"
"599","7.38"
"600","8.85"
"601","4.12"
"602","9.12"
"603","3.76"
"604","0.72"
"605","8.52"
"606","5.58"
"607","5.11"
"608","5.32"
"609","4.89"
"610","6.86"
"611","6.07"
"612","7.31"
"613","4.99"
"614","1.38"
"615","3.94"
"616","2.75"
"617","0.97"
"618","5.42"
"619","7.19"
"620","1.86"
"621","5.99"
"622","1.07"
"623","3.99"
"624","0.31"
"625","9.26"
"626","5.18"
"627","5.63"
"628","4.4"
"629","9.9"
"630","4.32"
"631","6.76"
"632","0.5"
"633","9.16"
"634","7.49"
"635","1.83"
"636","4.29"
"637","2.07"
"638","4.19"
"639","4.8"
"640","0.91"
"641","1.65"
"642","6.37"
"643","2.64"
"644","8.84"
"645","2.95"
"646","1.61"
"647","6.79"
"648","5.39"
"649","6.15"
"650","2.87"
"651","8.13"
"652","9.74"
"653","8.73"
"654","4.84"
"655","0.21"
"656","5.06"
"657","8.19"
"658","3.33"
"659","7.56"
"660","0.41"
"661","4.72"
"662","2.07"
"663","6.79"
"664","4.5"
"665","9.82"
"666","1.67"
"667","2.48"
"668","8.77"
"669","1.37"
"670","2.53"
"671","0.75"
"672","4.06"
"673","9.3"
"674","5.24"
"675","0.03"
"676","3.87"
"677","5.71"
"678","0.94"
"679","3.68"
"680","7.68"
"681","0.22"
"682","3.71"
"683","6.27"
"684","3.9"
"685","4.39"
"686","0.24"
"687","7.07"
"688","9.21"
"689","4.34"
"690","4.96"
"691","7.24"
"692","7.93"
"693","2.11"
"694","5.07"
"695","6.92"
"696","6.71"
"697","5.86"
"698","4.25"
"699","8.01"
"700","7.44"
"701","4.35"
"702","7.21"
"703","2.5"
"704","2.89"
"705","8.19"
"706","1.62"
"707","6.91"
"708","1.58"
"709","6.13"
"710","7.88"
"711","9.2"
"712","2.89"
"713","3.85"
"714","5.71"
"715","1.45"
"716","7.64"
"717","6.59"
"718","7.97"
"719","2.47"
"720","3.82"
"721","3.8"
"722","5.39"
"723","7.16"
"724","2.88"
"725","3.02"
"726","4.34"
"727","9.6"
"728","9.73"
"729","4.16"
"730","4.17"
"731","7.29"
"732","2.27"
"733","5.12"
"734","7.71"
"735","9.95"
"736","5.77"
"737","5.66"
"738","6.85"
"739","9.86"
"740","0.91"
"741","1.57"
"742","6.88"
"743","8.45"
"744","5.86"
"745","3.59"
"746","6.53"
"747","9.84"
"748","4.62"
"749","9.87"
"750","4.97"
"751","5.17"
"752","2.59"
"753","1.18"
"754","1.62"
"755","5.64"
"756","8.15"
"757","4.84"
"758","7.8"
"759","6.45"
"760","4.18"
"761","0.98"
"762","7.78"
"763","4.37"
"764","2.97"
"765","4.07"
"766","2.43"
"767","6.77"
"768","2.05"
"769","2.71"
"770","8.8"
"771","4.32"
"772","6.03"
"773","7.18"
"774","0.45"
"775","8.16"
"776","1.24"
"777","3.63"
"778","1.97"
"779","4.18"
"780","0.21"
"781","4.15"
"782","0.94"
"783","4.69"
"784","0.94"
"785","3.76"
"786","3.64"
"787","5.76"
"788","3.53"
"789","1.28"
"790","5.67"
"791","9.73"
"792","4.76"
"793","2.37"
"794","9.43"
"795","8.54"
"796","1.99"
"797","8.51"
"798","1.96"
"799","8.97"
"800","0.16"
"801","6.16"
"802","5.99"
"803","3.34"
"804","3.85"
"805","6.23"
"806","0.33"
"807","8.06"
"808","4.21"
"809","8.82"
"810","7.03"
"811","6.22"
"812","2.9"
"813","9.47"
"814","0.8"
"815","4.36"
"816","0.21"
"817","3.65"
"818","9.13"
"819","3.19"
"820","6.53"
"821","3.26"
"822","6.14"
"823","0.91"
"824","2.11"
"825","3.64"
"826","5.25"
"827","0.68"
"828","4.01"
"829","7.05"
"830","2.03"
"831","9.09"
"832","7.14"
"833","5.64"
"834","8.07"
"835","3.54"
"836","4.29"
"837","1.48"
"838","2.98"
"839","1.13"
"840","3.75"
"841","2.89"
"842","5.19"
"843","3.75"
"844","4.63"
"845","5.54"
"846","1.49"
"847","9.47"
"848","3.77"
"849","6.8"
"850","4.97"
"851","2.33"
"852","4.73"
"853","5.52"
"854","3.08"
"855","7.04"
"856","3.84"
"857","6.77"
"858","4.31"
"859","1.21"
"860","8.92"
"861","2.0"
"862","3.38"
"863","3.18"
"864","6.98"
"865","9.49"
"866","9.99"
"867","6.81"
"868","3.83"
"869","4.39"
"870","7.92"
"871","3.48"
"872","8.57"
"873","1.42"
"874","9.44"
"875","2.6"
"876","0.57"
"877","5.56"
"878","3.86"
"879","4.32"
"880","6.47"
"881","9.03"
"882","3.05"
"883","8.13"
"884","7.57"
"885","2.07"
"886","8.46"
"887","3.21"
"888","8.21"
"889","5.48"
"890","4.44"
"891","7.13"
"892","2.54"
"893","6.29"
"894","4.77"
"895","6.58"
"896","4.38"
"897","3.28"
"898","1.5"
"899","0.55"
"900","4.32"
"901","6.64"
"902","1.25"
"903","9.7"
"904","8.05"
"905","6.57"
"906","4.44"
"907","2.0"
"908","6.09"
"909","8.26"
"910","5.58"
"911","9.89"
"912","6.87"
"913","9.79"
"914","0.64"
"915","4.36"
"916","2.02"
"917","2.33"
"918","7.28"
"919","1.86"
"920","3.47"
"921","7.96"
"922","0.52"
"923","7.73"
"924","3.13"
"925","1.3"
"926","6.97"
"927","2.82"
"928","4.17"
"929","4.82"
"930","7.33"
"931","2.65"
"932","5.43"
"933","9.49"
"934","8.67"
"935","1.61"
"936","0.3"
"937","9.94"
"938","1.19"
"939","5.87"
"940","7.57"
"941","1.5"
"942","5.68"
"943","7.33"
"944","0.63"
"945","8.69"
"946","9.24"
"947","4.53"
"948","6.41"
"949","6.73"
"950","7.98"
"951","5.66"
"952","7.03"
"953","0.15"
"954","4.94"
"955","7.98"
"956","0.63"
"957","5.05"
"958","0.18"
"959","9.87"
"960","4.91"
"961","3.61"
"962","3.82"
"963","9.89"
"964","3.11"
"965","3.98"
"966","1.22"
"967","5.25"
"968","7.26"
"969","9.32"
"970","1.76"
"971","5.64"
"972","8.17"
"973","7.9"
"974","6.39"
"975","3.77"
"976","6.28"
"977","1.69"
"978","8.76"
"979","4.1"
"980","8.37"
"981","5.15"
"982","8.34"
"983","5.96"
"984","6.08"
"985","3.23"
"986","2.3"
"987","3.97"
"988","5.48"
"989","8.95"
"990","5.81"
"991","8.46"
"992","7.88"
"993","4.21"
"994","0.97"
"995","0.41"
"996","0.63"
"997","1.52"
"998","5.26"
"999","9.5"
"1000","3.67"
"1001","7.55"
"1002","6.19"
"1003","7.6"
"1004","4.22"
"1005","0.95"
"1006","2.0"
"1007","0.58"
"1008","7.38"
"1009","1.63"
"1010","6.26"
"1011","6.33"
"1012","4.07"
"1013","5.39"
"1014","7.14"
"1015","2.93"
"1016","5.34"
"1017","5.3"
"1018","6.95"
"1019","6.52"
"1020","5.04"
"1021","8.33"
"1022","2.06"
"1023","5.82"
"1024","4.2"
"1025","1.42"
"1026","4.68"
"1027","8.8"
"1028","5.33"
"1029","3.94"
"1030","2.82"
"1031","8.76"
"1032","6.04"
"1033","9.05"
"1034","4.44"
"1035","8.74"
"1036","0.78"
"1037","0.83"
"1038","2.97"
"1039","7.82"
"1040","1.33"
"1041","6.29"
"1042","0.75"
"1043","5.52"
"1044","4.74"
"1045","9.72"
"1046","8.9"
"1047","1.62"
"1048","7.59"
"1049","0.42"
"1050","0.14"
"1051","7.75"
"1052","0.84"
"1053","6.03"
"1054","2.85"
"1055","7.14"
"1056","5.33"
"1057","8.18"
"1058","4.15"
"1059","2.13"
"1060","0.29"
"1061","2.26"
"1062","0.69"
"1063","9.9"
"1064","8.78"
"1065","8.23"
"1066","9.51"
"1067","3.08"
"1068","2.99"
"1069","6.97"
"1070","6.2"
"1071","6.47"
"1072","5.45"
"1073","1.77"
"1074","1.18"
"1075","4.32"
"1076","2.89"
"1077","7.97"
"1078","8.98"
"1079","9.85"
"1080","9.51"
"1081","0.41"
"1082","3.9"
"1083","7.91"
"1084","6.1"
"1085","4.17"
"1086","5.2"
"1087","7.9"
"1088","9.58"
"1089","9.74"
"1090","4.51"
"1091","6.38"
"1092","8.74"
"1093","1.81"
"1094","2.95"
"1095","4.84"
"1096","5.5"
"1097","6.66"
"1098","3.8"
"1099","6.87"
"1100","3.95"
"1101","4.35"
"1102","5.19"
"1103","2.08"
"1104","8.96"
"1105","9.91"
"1106","5.53"
"1107","7.5"
"1108","6.4"
"1109","7.73"
"1110","7.71"
"1111","2.15"
"1112","4.73"
"1113","0.51"
"1114","2.03"
"1115","5.16"
"1116","9.6"
"1117","7.14"
"1118","5.15"
"1119","7.77"
"1120","1.31"
"1121","5.85"
"1122","3.98"
"1123","0.57"
"1124","3.81"
"1125","4.22"
"1126","9.71"
"1127","2.66"
"1128","6.68"
"1129","1.59"
"1130","5.23"
"1131","0.32"
"1132","3.54"
"1133","1.94"
"1134","6.72"
"1135","5.04"
"1136","3.91"
"1137","1.38"
"1138","6.11"
"1139","8.64"
"1140","5.96"
"1141","1.87"
"1142","5.65"
"1143","9.66"
"1144","1.23"
"1145","9.56"
"1146","3.57"
"1147","9.78"
"1148","8.61"
"1149","0.98"
"1150","7.1"
"1151","2.87"
"1152","6.72"
"1153","7.57"
"1154","8.06"
"1155","6.92"
"1156","8.86"
"1157","0.21"
"1158","5.32"
"1159","6.8"
"1160","0.16"
"1161","2.65"
"1162","0.14"
"1163","5.08"
"1164","7.5"
"1165","8.78"
"1166","9.97"
"1167","4.48"
"1168","0.06"
"1169","3.26"
"1170","4.73"
"1171","0.57"
"1172","9.93"
"1173","0.58"
"1174","4.18"
"1175","8.88"
"1176","7.12"
"1177","8.83"
"1178","9.53"
"1179","3.55"
"1180","3.01"
"1181","0.99"
"1182","8.36"
"1183","8.38"
"1184","4.27"
"1185","4.93"
"1186","1.85"
"1187","1.85"
"1188","4.05"
"1189","7.41"
"1190","8.93"
"1191","7.01"
"1192","7.58"
"1193","9.63"
"1194","2.57"
"1195","2.54"
"1196","0.55"
"1197","5.13"
"1198","3.38"
"1199","3.87"
"1200","3.52"
"1201","1.99"
"1202","7.99"
"1203","6.29"
"1204","0.91"
"1205","0.7"
"1206","3.44"
"1207","4.17"
"1208","2.6"
"1209","9.41"
"1210","1.64"
"1211","2.7"
"1212","5.99"
"1213","5.76"
"1214","4.57"
"1215","8.48"
"1216","3.97"
"1217","5.77"
"1218","9.64"
"1219","3.28"
"1220","6.69"
"1221","0.37"
"1222","1.05"
"1223","2.31"
"1224","5.3"
"1225","9.74"
"1226","9.38"
"1227","6.63"
"1228","6.88"
"1229","5.26"
"1230","7.13"
"1231","5.9"
"1232","5.03"
"1233","3.64"
"1234","4.23"
"1235","0.54"
"1236","2.55"
"1237","5.66"
"1238","9.17"
"1239","6.87"
"1240","7.57"
"1241","8.65"
"1242","2.13"
"1243","1.46"
"1244","0.93"
"1245","6.41"
"1246","0.85"
"1247","9.37"
"1248","8.57"
"1249","3.08"
"1250","5.96"
"1251","9.95"
"1252","9.49"
"1253","7.64"
"1254","4.24"
"1255","4.36"
"1256","1.48"
"1257","6.97"
"1258","7.16"
"1259","9.41"
"1260","6.35"
"1261","5.3"
"1262","4.89"
"1263","7.66"
"1264","4.92"
"1265","0.75"
"1266","3.96"
"1267","5.53"
"1268","5.74"
"1269","3.64"
"1270","3.48"
"1271","3.47"
"1272","8.21"
"1273","3.11"
"1274","4.54"
"1275","9.59"
"1276","8.69"
"1277","6.6"
"1278","8.09"
"1279","4.59"
"1280","5.8"
"1281","8.25"
"1282","7.4"
"1283","5.95"
"1284","3.31"
"1285","4.57"
"1286","3.64"
"1287","2.12"
"1288","0.4"
"1289","0.79"
"1290","3.8"
"1291","6.44"
"1292","2.42"
"1293","5.97"
"1294","3.26"
"1295","6.08"
"1296","4.38"
"1297","2.74"
"1298","2.57"
"1299","3.38"
"1300","2.12"
"1301","2.04"
"1302","1.28"
"1303","4.92"
"1304","2.22"
"1305","9.1"
"1306","6.86"
"1307","9.69"
"1308","3.0"
"1309","3.64"
"1310","9.56"
"1311","0.17"
"1312","4.37"
"1313","5.42"
"1314","6.4"
"1315","6.64"
"1316","1.99"
"1317","9.03"
"1318","4.57"
"1319","6.36"
"1320","1.61"
"1321","9.13"
"1322","2.38"
"1323","1.13"
"1324","8.56"
"1325","9.35"
"1326","7.73"
"1327","5.49"
"1328","3.53"
"1329","8.05"
"1330","6.87"
"1331","2.34"
"1332","7.9"
"1333","9.78"
"1334","10.0"
"1335","5.6"
"1336","2.52"
"1337","3.96"
"1338","6.33"
"1339","1.84"
"1340","4.41"
"1341","0.75"
"1342","8.48"
"1343","5.92"
"1344","6.86"
"1345","0.43"
"1346","8.98"
"1347","8.58"
"1348","1.97"
"1349","1.59"
"1350","8.02"
"1351","1.79"
"1352","7.16"
"1353","4.78"
"1354","0.33"
"1355","6.62"
"1356","0.57"
"1357","6.78"
"1358","0.45"
"1359","7.82"
"1360","3.59"
"1361","6.2"
"1362","7.47"
"1363","1.29"
"1364","9.11"
"1365","9.1"
"1366","7.29"
"1367","5.54"
"1368","1.54"
"1369","3.82"
"1370","8.85"
"1371","0.94"
"1372","3.17"
"1373","0.37"
"1374","6.22"
"1375","8.81"
"1376","7.52"
"1377","1.37"
"1378","7.48"
"1379","6.39"
"1380","5.99"
"1381","8.35"
"1382","7.19"
"1383","5.99"
"1384","5.4"
"1385","3.49"
"1386","8.92"
"1387","8.71"
"1388","8.25"
"1389","1.37"
"1390","5.07"
"1391","9.55"
"1392","5.96"
"1393","2.07"
"1394","2.62"
"1395","4.6"
"1396","6.71"
"1397","7.42"
"1398","0.6"
"1399","1.77"
"1400","6.29"
"1401","1.82"
"1402","9.71"
"1403","9.89"
"1404","3.99"
"1405","6.34"
"1406","1.26"
"1407","2.99"
"1408","0.16"
"1409","9.9"
"1410","8.78"
"1411","3.91"
"1412","1.45"
"1413","7.79"
"1414","1.17"
"1415","7.34"
"1416","9.77"
"1417","1.93"
"1418","4.42"
"1419","3.01"
"1420","2.57"
"1421","3.1"
"1422","0.11"
"1423","2.13"
"1424","5.91"
"1425","9.28"
"1426","0.29"
"1427","7.76"
"1428","8.96"
"1429","6.3"
"1430","5.03"
"1431","5.36"
"1432","5.65"
"1433","3.08"
"1434","3.79"
"1435","4.81"
"1436","9.45"
"1437","0.4"
"1438","5.81"
"1439","7.37"
"1440","5.02"
"1441","5.74"
"1442","4.19"
"1443","6.76"
"1444","3.09"
"1445","8.52"
"1446","2.01"
"1447","2.27"
"1448","3.56"
"1449","3.93"
"1450","1.39"
"1451","9.54"
"1452","1.35"
"1453","0.42"
"1454","6.76"
"1455","8.59"
"1456","4.24"
"1457","4.34"
"1458","3.94"
"1459","7.94"
"1460","8.71"
"1461","9.03"
"1462","8.07"
"1463","3.12"
"1464","4.39"
"1465","2.14"
"1466","6.94"
"1467","7.17"
"1468","5.21"
"1469","3.09"
"1470","7.27"
"1471","4.86"
"1472","9.43"
"1473","4.1"
"1474","0.25"
"1475","0.54"
"1476","2.51"
"1477","4.2"
"1478","9.91"
"1479","6.06"
"1480","1.16"
"1481","5.26"
"1482","9.74"
"1483","3.5"
"1484","1.01"
"1485","5.07"
"1486","9.74"
"1487","2.0"
"1488","5.82"
"1489","7.42"
"1490","1.02"
"1491","0.23"
"1492","8.3"
"1493","4.65"
"1494","4.22"
"1495","9.49"
"1496","9.29"
"1497","9.92"
"1498","8.51"
"1499","1.22"
"1500","5.88"
"1","1.74"
"2","5.22"
"3","9.11"
"4","2.4"
"5","1.22"
"6","3.87"
"7","6.49"
"8","5.55"
"9","6.75"
"10","8.8"
"11","7.07"
"12","6.4"
"13","1.68"
"14","1.51"
"15","1.7"
"16","7.46"
"17","4.36"
"18","2.52"
"19","6.01"
"20","8.15"
"21","6.51"
"22","0.9"
"23","0.05"
"24","9.4"
"25","0.44"
"26","7.86"
"27","6.04"
"28","1.07"
"29","7.06"
"30","3.35"
"31","1.04"
"32","6.34"
"33","1.57"
"34","6.09"
"35","6.55"
"36","0.96"
"37","1.4"
"38","5.45"
"39","8.54"
"40","6.53"
"41","2.24"
"42","2.6"
"43","4.49"
"44","6.62"
"45","7.62"
"46","4.37"
"47","3.7"
"48","1.7"
"49","5.59"
"50","0.14"
"51","4.35"
"52","1.08"
"53","0.52"
"54","7.15"
"55","4.96"
"56","9.7"
"57","7.12"
"58","4.2"
"59","4.53"
"60","1.35"
"61","0.99"
"62","9.4"
"63","8.74"
"64","6.69"
"65","3.71"
"66","0.5"
"67","9.16"
"68","3.88"
"69","4.17"
"70","9.17"
"71","9.52"
"72","7.59"
"73","1.41"
"74","3.74"
"75","7.43"
"76","9.74"
"77","3.13"
"78","6.29"
"79","1.31"
"80","7.08"
"81","5.34"
"82","2.65"
"83","8.71"
"84","6.67"
"85","6.01"
"86","4.78"
"87","6.3"
"88","4.59"
"89","7.15"
"90","7.18"
"91","5.31"
"92","8.54"
"93","8.3"
"94","8.7"
"95","2.57"
"96","2.02"
"97","5.0"
"98","0.99"
"99","2.09"
"100","7.33"
"101","2.27"
"102","2.18"
"103","7.68"
"104","1.93"
"105","5.82"
"106","7.81"
"107","3.36"
"108","7.4"
"109","8.66"
"110","4.85"
"111","6.68"
"112","6.84"
"113","8.61"
"114","9.61"
"115","5.03"
"116","2.01"
"117","8.48"
"118","5.38"
"119","1.58"
"120","7.71"
"121","6.28"
"122","9.91"
"123","9.93"
"124","2.71"
"125","5.48"
"126","7.89"
"127","5.74"
"128","7.17"
"129","5.9"
"130","6.48"
"131","8.6"
"132","7.03"
"133","1.24"
"134","7.71"
"135","5.62"
"136","6.88"
"137","2.58"
"138","6.62"
"139","7.68"
"140","6.25"
"141","5.55"
"142","3.16"
"143","6.12"
"144","9.88"
"145","4.39"
"146","4.82"
"147","7.4"
"148","5.6"
"149","8.86"
"150","8.9"
"151","2.71"
"152","1.7"
"153","0.0"
"154","3.73"
"155","3.89"
"156","2.62"
"157","4.79"
"158","1.25"
"159","6.68"
"160","6.49"
"161","8.45"
"162","4.98"
"163","9.14"
"164","5.4"
"165","3.17"
"166","0.78"
"167","5.46"
"168","0.51"
"169","6.1"
"170","9.6"
"171","1.98"
"172","3.81"
"173","10.0"
"174","7.79"
"175","8.27"
"176","4.83"
"177","5.23"
"178","7.01"
"179","0.05"
"180","5.66"
"181","5.67"
"182","9.67"
"183","9.29"
"184","9.19"
"185","7.46"
"186","1.78"
"187","7.17"
"188","4.27"
"189","5.67"
"190","0.64"
"191","9.64"
"192","1.88"
"193","9.19"
"194","1.63"
"195","6.99"
"196","5.83"
"197","3.88"
"198","8.24"
"199","4.18"
"200","2.19"
"201","4.06"
"202","2.32"
"203","8.93"
"204","9.03"
"205","0.05"
"206","7.43"
"207","8.21"
"208","3.26"
"209","6.47"
"210","3.95"
"211","3.6"
"212","0.87"
"213","7.65"
"214","1.68"
"215","9.15"
"216","5.0"
"217","5.92"
"218","1.23"
"219","3.52"
"220","5.39"
"221","3.22"
"222","2.91"
"223","8.7"
"224","3.08"
"225","0.77"
"226","2.8"
"227","4.49"
"228","4.68"
"229","4.37"
"230","9.18"
"231","2.13"
"232","9.1"
"233","7.01"
"234","2.19"
"235","9.87"
"236","1.29"
"237","7.45"
"238","8.04"
"239","2.79"
"240","1.7"
"241","1.54"
"242","5.99"
"243","9.69"
"244","2.77"
"245","5.98"
"246","7.85"
"247","7.48"
"248","8.37"
"249","1.48"
"250","6.27"
"251","4.37"
"252","1.43"
"253","4.78"
"254","5.82"
"255","5.96"
"256","1.2"
"257","7.68"
"258","3.33"
"259","3.88"
"260","1.99"
"261","1.18"
"262","9.13"
"263","1.67"
"264","3.46"
"265","2.44"
"266","3.48"
"267","5.36"
"268","3.49"
"269","7.47"
"270","8.27"
"271","8.4"
"272","3.67"
"273","6.99"
"274","3.67"
"275","6.26"
"276","2.48"
"277","4.97"
"278","0.98"
"279","8.7"
"280","3.57"
"281","5.77"
"282","9.55"
"283","4.96"
"284","0.24"
"285","8.22"
"286","5.14"
"287","6.59"
"288","9.88"
"289","0.71"
"290","6.94"
"291","4.58"
"292","3.18"
"293","6.07"
"294","0.33"
"295","2.01"
"296","4.95"
"297","8.43"
"298","8.76"
"299","7.67"
"300","3.37"
"301","6.47"
"302","0.24"
"303","6.05"
"304","3.95"
"305","9.18"
"306","0.62"
"307","2.34"
"308","3.71"
"309","6.65"
"310","4.96"
"311","6.37"
"312","2.8"
"313","1.97"
"314","9.68"
"315","1.65"
"316","1.44"
"317","7.41"
"318","5.4"
"319","4.64"
"320","3.8"
"321","7.05"
"322","5.5"
"323","0.8"
"324","0.13"
"325","3.82"
"326","7.12"
"327","3.33"
"328","5.39"
"329","0.37"
"330","4.56"
"331","9.67"
"332","2.74"
"333","3.77"
"334","2.49"
"335","1.14"
"336","2.4"
"337","2.98"
"338","9.61"
"339","8.8"
"340","2.71"
"341","7.42"
"342","1.71"
"343","7.29"
"344","1.15"
"345","2.02"
"346","3.86"
"347","0.63"
"348","1.07"
"349","7.81"
"350","4.88"
"351","2.55"
"352","0.35"
"353","5.98"
"354","3.74"
"355","1.18"
"356","2.13"
"357","3.68"
"358","9.47"
"359","8.74"
"360","8.11"
"361","2.06"
"362","4.14"
"363","1.12"
"364","1.03"
"365","5.36"
"366","8.66"
"367","2.89"
"368","0.66"
"369","2.02"
"370","0.69"
"371","3.08"
"372","8.22"
"373","3.8"
"374","5.91"
"375","2.66"
"376","0.09"
"377","6.67"
"378","1.66"
"379","5.69"
"380","2.37"
"381","2.39"
"382","3.87"
"383","9.8"
"384","8.49"
"385","1.59"
"386","8.53"
"387","3.39"
"388","4.3"
"389","6.9"
"390","5.16"
"391","5.15"
"392","4.96"
"393","8.74"
"394","7.77"
"395","3.78"
"396","5.49"
"397","8.7"
"398","0.91"
"399","5.96"
"400","5.53"
"401","5.61"
"402","5.41"
"403","4.99"
"404","1.5"
"405","4.36"
"406","1.32"
"407","9.88"
"408","5.66"
"409","9.04"
"410","4.77"
"411","7.25"
"412","2.76"
"413","9.79"
"414","4.25"
"415","6.31"
"416","5.79"
"417","0.46"
"418","4.98"
"419","0.14"
"420","7.27"
"421","9.89"
"422","1.09"
"423","0.04"
"424","9.53"
"425","2.62"
"426","1.0"
"427","3.28"
"428","6.23"
"429","6.53"
"430","9.64"
"431","5.05"
"432","5.48"
"433","4.99"
"434","6.25"
"435","0.45"
"436","1.99"
"437","0.23"
"438","0.91"
"439","5.73"
"440","3.57"
"441","3.72"
"442","3.92"
"443","5.09"
"444","2.16"
"445","8.35"
"446","0.93"
"447","6.45"
"448","2.39"
"449","8.31"
"450","0.45"
"451","6.71"
"452","4.86"
"453","4.8"
"454","4.3"
"455","7.66"
"456","9.42"
"457","7.85"
"458","3.07"
"459","6.35"
"460","9.6"
"461","5.66"
"462","5.86"
"463","8.96"
"464","0.85"
"465","7.09"
"466","4.95"
"467","9.36"
"468","5.17"
"469","3.47"
"470","2.84"
"471","5.11"
"472","0.6"
"473","7.35"
"474","1.26"
"475","7.01"
"476","2.14"
"477","6.11"
"478","9.21"
"479","4.27"
"480","7.05"
"481","6.76"
"482","4.92"
"483","2.7"
"484","7.75"
"485","7.78"
"486","4.52"
"487","1.42"
"488","5.44"
"489","0.73"
"490","9.64"
"491","0.01"
"492","8.72"
"493","0.82"
"494","9.93"
"495","9.51"
"496","4.52"
"497","2.54"
"498","8.96"
"499","1.64"
"500","7.76"
"501","9.09"
"502","0.41"
"503","0.7"
"504","8.42"
"505","1.48"
"506","3.25"
"507","2.65"
"508","6.24"
"509","1.43"
"510","8.87"
"511","7.99"
"512","9.33"
"513","4.44"
"514","5.48"
"515","4.13"
"516","0.69"
"517","0.62"
"518","7.55"
"519","3.55"
"520","7.21"
"521","4.65"
"522","8.82"
"523","3.5"
"524","8.26"
"525","1.7"
"526","6.76"
"527","9.63"
"528","3.65"
"529","2.62"
"530","8.58"
"531","7.0"
"532","7.98"
"533","1.04"
"534","9.16"
"535","6.72"
"536","9.26"
"537","5.56"
"538","7.41"
"539","0.27"
"540","3.36"
"541","6.75"
"542","4.71"
"543","7.71"
"544","1.67"
"545","5.75"
"546","5.36"
"547","6.08"
"548","2.34"
"549","1.82"
"550","4.63"
"551","8.26"
"552","9.97"
"553","6.14"
"554","9.02"
"555","5.93"
"556","2.91"
"557","7.7"
"558","0.33"
"559","6.24"
"560","1.88"
"561","6.77"
"562","6.82"
"563","0.96"
"564","9.28"
"565","2.41"
"566","8.65"
"567","8.31"
"568","1.0"
"569","6.5"
"570","9.85"
"571","8.89"
"572","1.02"
"573","1.96"
"574","7.23"
"575","7.02"
"576","4.84"
"577","9.82"
"578","6.96"
"579","3.78"
"580","7.3"
"581","7.58"
"582","9.34"
"583","5.41"
"584","0.64"
"585","6.08"
"586","2.99"
"587","7.85"
"588","1.87"
"589","8.63"
"590","2.01"
"591","3.42"
"592","5.75"
"593","7.39"
"594","9.62"
"595","3.57"
"596","6.06"
"597","7.36"
"598","4.72"
"599","7.76"
"600","5.07"
"601","6.74"
"602","4.68"
"603","2.19"
"604","7.79"
"605","9.45"
"606","0.21"
"607","4.81"
"608","3.68"
"609","5.98"
"610","1.63"
"611","6.79"
"612","3.54"
"613","1.91"
"614","3.63"
"615","8.75"
"616","3.53"
"617","5.04"
"618","4.39"
"619","6.26"
"620","9.55"
"621","2.44"
"622","6.46"
"623","1.51"
"624","5.62"
"625","6.17"
"626","2.64"
"627","0.64"
"628","3.8"
"629","5.22"
"630","1.85"
"631","6.04"
"632","0.67"
"633","2.84"
"634","3.45"
"635","6.7"
"636","0.11"
"637","4.29"
"638","0.34"
"639","0.21"
"640","6.77"
"641","3.91"
"642","2.36"
"643","2.09"
"644","5.9"
"645","6.08"
"646","9.3"
"647","4.59"
"648","6.12"
"649","2.83"
"650","4.07"
"651","2.06"
"652","4.19"
"653","7.53"
"654","7.57"
"655","4.99"
"656","1.1"
"657","4.08"
"658","1.02"
"659","7.96"
"660","0.18"
"661","3.66"
"662","6.41"
"663","8.96"
"664","0.01"
"665","2.05"
"666","0.42"
"667","5.2"
"668","9.59"
"669","1.78"
"670","5.02"
"671","3.85"
"672","0.45"
"673","9.06"
"674","2.35"
"675","4.69"
"676","0.97"
"677","7.63"
"678","1.56"
"679","4.62"
"680","5.53"
"681","3.64"
"682","5.06"
"683","5.12"
"684","2.1"
"685","6.17"
"686","7.83"
"687","3.34"
"688","0.85"
"689","7.21"
"690","3.5"
"691","2.22"
"692","7.54"
"693","8.81"
"694","4.89"
"695","9.58"
"696","3.05"
"697","4.17"
"698","5.5"
"699","9.68"
"700","8.73"
"701","6.27"
"702","4.06"
"703","5.59"
"704","6.7"
"705","9.84"
"706","5.4"
"707","7.7"
"708","1.19"
"709","3.13"
"710","0.45"
"711","9.61"
"712","4.65"
"713","2.49"
"714","3.2"
"715","2.8"
"716","4.33"
"717","1.52"
"718","7.01"
"719","3.39"
"720","1.61"
"721","0.94"
"722","0.15"
"723","1.86"
"724","5.88"
"725","0.92"
"726","5.58"
"727","0.41"
"728","3.18"
"729","3.8"
"730","3.46"
"731","6.79"
"732","6.75"
"733","4.7"
"734","3.27"
"735","9.36"
"736","3.49"
"737","1.16"
"738","2.84"
"739","7.05"
"740","7.53"
"741","1.2"
"742","7.29"
"743","4.78"
"744","3.64"
"745","2.2"
"746","6.78"
"747","1.03"
"748","4.03"
"749","7.05"
"750","3.7"
"751","9.32"
"752","8.47"
"753","2.81"
"754","4.11"
"755","7.85"
"756","8.55"
"757","8.68"
"758","7.67"
"759","2.03"
"760","8.96"
"761","0.38"
"762","7.83"
"763","1.35"
"764","1.89"
"765","1.59"
"766","1.41"
"767","9.91"
"768","1.74"
"769","3.78"
"770","1.86"
"771","4.28"
"772","8.4"
"773","2.06"
"774","0.07"
"775","6.73"
"776","8.92"
"777","2.51"
"778","5.88"
"779","3.6"
"780","6.43"
"781","3.6"
"782","8.95"
"783","1.27"
"784","9.62"
"785","3.67"
"786","6.91"
"787","4.01"
"788","4.39"
"789","7.48"
"790","0.79"
"791","7.17"
"792","4.66"
"793","6.96"
"794","6.63"
"795","5.15"
"796","4.65"
"797","5.36"
"798","4.01"
"799","2.43"
"800","5.31"
"801","8.95"
"802","5.14"
"803","7.93"
"804","1.5"
"805","3.66"
"806","0.87"
"807","6.35"
"808","6.2"
"809","6.61"
"810","0.55"
"811","2.37"
"812","7.1"
"813","9.97"
"814","5.23"
"815","0.53"
"816","8.96"
"817","6.92"
"818","1.31"
"819","4.23"
"820","9.63"
"821","6.75"
"822","1.03"
"823","8.49"
"824","9.75"
"825","0.7"
"826","3.68"
"827","3.46"
"828","5.5"
"829","4.39"
"830","8.14"
"831","3.5"
"832","8.71"
"833","7.9"
"834","3.75"
"835","8.32"
"836","3.48"
"837","5.66"
"838","6.09"
"839","9.46"
"840","6.14"
"841","7.16"
"842","4.95"
"843","1.97"
"844","7.57"
"845","7.93"
"846","0.01"
"847","7.78"
"848","8.07"
"849","6.82"
"850","2.91"
"851","3.67"
"852","2.63"
"853","8.61"
"854","6.97"
"855","9.0"
"856","9.06"
"857","3.37"
"858","1.81"
"859","4.34"
"860","0.64"
"861","1.71"
"862","0.0"
"863","0.52"
"864","7.54"
"865","2.48"
"866","9.37"
"867","6.73"
"868","1.04"
"869","3.17"
"870","6.82"
"871","9.22"
"872","9.19"
"873","9.35"
"874","1.09"
"875","8.04"
"876","7.73"
"877","6.63"
"878","7.08"
"879","5.38"
"880","6.15"
"881","7.88"
"882","4.51"
"883","9.54"
"884","4.06"
"885","2.65"
"886","6.88"
"887","9.8"
"888","1.49"
"889","0.61"
"890","9.85"
"891","0.75"
"892","5.6"
"893","5.46"
"894","7.32"
"895","6.65"
"896","8.82"
"897","4.36"
"898","7.34"
"899","7.87"
"900","4.87"
"901","9.21"
"902","2.23"
"903","9.02"
"904","6.92"
"905","6.39"
"906","8.44"
"907","2.0"
"908","5.49"
"909","3.41"
"910","7.22"
"911","4.2"
"912","0.84"
"913","7.4"
"914","4.4"
"915","7.56"
"916","0.36"
"917","2.37"
"918","8.55"
"919","0.07"
"920","9.41"
"921","1.93"
"922","0.02"
"923","2.46"
"924","9.17"
"925","5.36"
"926","1.86"
"927","7.83"
"928","9.68"
"929","2.14"
"930","0.62"
"931","0.46"
"932","2.07"
"933","9.63"
"934","1.28"
"935","1.96"
"936","2.57"
"937","0.15"
"938","8.12"
"939","8.35"
"940","8.19"
"941","2.49"
"942","0.45"
"943","7.57"
"944","9.72"
"945","4.28"
"946","1.68"
"947","5.82"
"948","3.58"
"949","0.19"
"950","0.23"
"951","9.15"
"952","8.92"
"953","7.37"
"954","8.47"
"955","4.99"
"956","0.14"
"957","9.48"
"958","3.92"
"959","0.47"
"960","0.19"
"961","6.74"
"962","1.75"
"963","3.81"
"964","5.4"
"965","7.77"
"966","8.9"
"967","4.67"
"968","5.49"
"969","7.4"
"970","8.33"
"971","8.59"
"972","9.7"
"973","4.76"
"974","8.49"
"975","1.92"
"976","5.06"
"977","1.39"
"978","1.74"
"979","5.88"
"980","6.34"
"981","5.34"
"982","7.86"
"983","0.05"
"984","4.31"
"985","0.21"
"986","5.11"
"987","9.5"
"988","7.09"
"989","6.54"
"990","1.75"
"991","1.91"
"992","3.59"
"993","3.73"
"994","4.9"
"995","8.31"
"996","1.66"
"997","7.17"
"998","6.8"
"999","6.04"
"1000","2.84"
"1001","1.28"
"1002","4.98"
"1003","4.76"
"1004","4.82"
"1005","0.34"
"1006","9.5"
"1007","7.25"
"1008","6.05"
"1009","1.94"
"1010","1.47"
"1011","7.43"
"1012","1.01"
"1013","0.36"
"1014","9.18"
"1015","7.65"
"1016","1.49"
"1017","8.44"
"1018","6.88"
"1019","0.88"
"1020","7.72"
"1021","9.71"
"1022","8.29"
"1023","3.53"
"1024","0.54"
"1025","9.48"
"1026","9.6"
"1027","2.98"
"1028","6.1"
"1029","0.67"
"1030","8.35"
"1031","4.56"
"1032","3.88"
"1033","4.15"
"1034","2.49"
"1035","5.79"
"1036","9.17"
"1037","3.6"
"1038","7.58"
"1039","3.98"
"1040","7.07"
"1041","5.7"
"1042","7.91"
"1043","5.5"
"1044","2.71"
"1045","8.85"
"1046","3.18"
"1047","7.14"
"1048","0.25"
"1049","0.63"
"1050","1.2"
"1051","3.17"
"1052","9.24"
"1053","9.07"
"1054","5.08"
"1055","8.57"
"1056","7.07"
"1057","5.26"
"1058","1.21"
"1059","8.66"
"1060","9.08"
"1061","3.91"
"1062","2.37"
"1063","1.05"
"1064","1.63"
"1065","3.02"
"1066","7.62"
"1067","9.96"
"1068","8.09"
"1069","6.63"
"1070","2.91"
"1071","6.36"
"1072","5.31"
"1073","9.75"
"1074","8.82"
"1075","1.24"
"1076","0.75"
"1077","6.85"
"1078","4.54"
"1079","7.2"
"1080","8.52"
"1081","6.45"
"1082","2.69"
"1083","8.51"
"1084","1.87"
"1085","3.9"
"1086","8.09"
"1087","7.25"
"1088","8.84"
"1089","4.08"
"1090","0.31"
"1091","7.31"
"1092","4.08"
"1093","2.52"
"1094","5.54"
"1095","7.56"
"1096","5.34"
"1097","2.63"
"1098","3.27"
"1099","9.58"
"1100","4.96"
"1101","1.0"
"1102","9.38"
"1103","8.68"
"1104","6.71"
"1105","5.45"
"1106","3.43"
"1107","2.76"
"1108","2.61"
"1109","0.91"
"1110","6.7"
"1111","3.43"
"1112","4.28"
"1113","0.92"
"1114","6.44"
"1115","1.68"
"1116","0.37"
"1117","9.77"
"1118","2.66"
"1119","9.44"
"1120","7.51"
"1121","2.36"
"1122","4.79"
"1123","4.21"
"1124","9.52"
"1125","5.68"
"1126","5.64"
"1127","7.31"
"1128","5.29"
"1129","4.97"
"1130","9.02"
"1131","4.35"
"1132","7.51"
"1133","1.87"
"1134","8.73"
"1135","3.35"
"1136","2.45"
"1137","2.94"
"1138","9.73"
"1139","6.61"
"1140","0.6"
"1141","7.18"
"1142","1.19"
"1143","9.4"
"1144","8.18"
"1145","4.81"
"1146","6.37"
"1147","4.77"
"1148","2.06"
"1149","2.8"
"1150","0.14"
"1151","6.89"
"1152","3.77"
"1153","7.84"
"1154","7.36"
"1155","1.89"
"1156","0.73"
"1157","1.09"
"1158","1.82"
"1159","2.6"
"1160","2.86"
"1161","6.18"
"1162","8.29"
"1163","4.33"
"1164","9.03"
"1165","1.37"
"1166","5.31"
"1167","9.1"
"1168","3.05"
"1169","1.81"
"1170","1.07"
"1171","9.97"
"1172","5.74"
"1173","4.69"
"1174","5.89"
"1175","5.38"
"1176","7.13"
"1177","1.88"
"1178","5.74"
"1179","3.59"
"1180","3.04"
"1181","5.22"
"1182","6.23"
"1183","2.85"
"1184","8.97"
"1185","8.03"
"1186","2.37"
"1187","9.91"
"1188","8.28"
"1189","5.59"
"1190","0.19"
"1191","6.72"
"1192","6.76"
"1193","8.19"
"1194","1.65"
"1195","4.65"
"1196","7.37"
"1197","1.62"
"1198","8.57"
"1199","1.22"
"1200","5.26"
"1201","9.17"
"1202","0.01"
"1203","2.52"
"1204","7.31"
"1205","1.16"
"1206","8.58"
"1207","0.94"
"1208","0.3"
"1209","4.25"
"1210","9.56"
"1211","4.26"
"1212","7.72"
"1213","0.66"
"1214","8.14"
"1215","2.43"
"1216","1.32"
"1217","2.5"
"1218","1.23"
"1219","2.19"
"1220","4.71"
"1221","5.37"
"1222","9.63"
"1223","1.87"
"1224","6.43"
"1225","6.65"
"1226","8.85"
"1227","1.91"
"1228","0.9"
"1229","2.8"
"1230","7.37"
"1231","5.8"
"1232","4.06"
"1233","5.61"
"1234","7.7"
"1235","0.31"
"1236","4.73"
"1237","0.67"
"1238","5.1"
"1239","0.69"
"1240","7.3"
"1241","5.53"
"1242","9.7"
"1243","0.5"
"1244","7.3"
"1245","0.95"
"1246","4.46"
"1247","1.97"
"1248","9.16"
"1249","8.52"
"1250","3.01"
"1251","7.92"
"1252","8.86"
"1253","2.64"
"1254","3.04"
"1255","6.95"
"1256","2.15"
"1257","9.78"
"1258","0.25"
"1259","7.02"
"1260","9.7"
"1261","6.36"
"1262","9.23"
"1263","1.13"
"1264","4.81"
"1265","4.58"
"1266","9.52"
"1267","3.74"
"1268","2.79"
"1269","2.03"
"1270","8.17"
"1271","6.85"
"1272","0.68"
"1273","4.23"
"1274","8.16"
"1275","1.56"
"1276","9.96"
"1277","1.57"
"1278","5.21"
"1279","2.49"
"1280","8.85"
"1281","7.55"
"1282","8.3"
"1283","8.92"
"1284","1.55"
"1285","1.91"
"1286","0.18"
"1287","4.05"
"1288","8.5"
"1289","1.41"
"1290","7.13"
"1291","4.11"
"1292","7.5"
"1293","5.67"
"1294","2.53"
"1295","7.14"
"1296","0.48"
"1297","0.67"
"1298","8.2"
"1299","6.53"
"1300","3.76"
"1301","6.05"
"1302","9.95"
"1303","4.43"
"1304","2.29"
"1305","1.33"
"1306","1.58"
"1307","7.28"
"1308","5.34"
"1309","0.82"
"1310","2.24"
"1311","7.1"
"1312","5.1"
"1313","7.7"
"1314","3.89"
"1315","3.84"
"1316","2.16"
"1317","6.61"
"1318","9.92"
"1319","5.02"
"1320","7.73"
"1321","4.09"
"1322","2.23"
"1323","8.02"
"1324","4.52"
"1325","2.03"
"1326","6.21"
"1327","7.72"
"1328","3.69"
"1329","7.07"
"1330","7.4"
"1331","0.88"
"1332","1.52"
"1333","3.87"
"1334","1.72"
"1335","3.27"
"1336","7.45"
"1337","7.41"
"1338","0.1"
"1339","5.08"
"1340","8.9"
"1341","5.6"
"1342","1.91"
"1343","7.2"
"1344","6.67"
"1345","7.99"
"1346","1.97"
"1347","9.16"
"1348","6.48"
"1349","6.97"
"1350","7.77"
"1351","2.09"
"1352","2.4"
"1353","9.74"
"1354","9.42"
"1355","7.59"
"1356","1.27"
"1357","7.4"
"1358","5.11"
"1359","6.39"
"1360","4.02"
"1361","8.91"
"1362","9.75"
"1363","6.28"
"1364","2.61"
"1365","1.61"
"1366","9.6"
"1367","9.24"
"1368","6.41"
"1369","5.03"
"1370","0.39"
"1371","2.95"
"1372","1.55"
"1373","6.27"
"1374","0.04"
"1375","7.85"
"1376","5.0"
"1377","3.77"
"1378","4.2"
"1379","6.18"
"1380","4.59"
"1381","9.59"
"1382","1.71"
"1383","3.29"
"1384","2.67"
"1385","6.4"
"1386","6.15"
"1387","5.1"
"1388","7.96"
"1389","0.02"
"1390","3.88"
"1391","5.48"
"1392","6.75"
"1393","1.68"
"1394","2.66"
"1395","3.24"
"1396","9.96"
"1397","1.02"
"1398","9.15"
"1399","7.32"
"1400","6.07"
"1401","3.48"
"1402","0.87"
"1403","0.17"
"1404","0.22"
"1405","5.87"
"1406","0.55"
"1407","0.65"
"1408","4.35"
"1409","1.82"
"1410","1.81"
"1411","8.45"
"1412","2.56"
"1413","0.41"
"1414","3.01"
"1415","6.79"
"1416","1.72"
"1417","8.61"
"1418","0.79"
"1419","7.48"
"1420","3.54"
"1421","4.69"
"1422","2.59"
"1423","3.13"
"1424","3.18"
"1425","6.55"
"1426","6.82"
"1427","3.57"
"1428","0.27"
"1429","1.67"
"1430","4.81"
"1431","2.58"
"1432","7.52"
"1433","3.52"
"1434","4.63"
"1435","8.19"
"1436","0.76"
"1437","4.36"
"1438","1.38"
"1439","2.23"
"1440","2.21"
"1441","1.82"
"1442","1.02"
"1443","4.14"
"1444","5.33"
"1445","0.24"
"1446","0.41"
"1447","3.46"
"1448","9.79"
"1449","8.31"
"1450","7.7"
"1451","2.16"
"1452","1.55"
"1453","4.53"
"1454","6.3"
"1455","2.35"
"1456","1.27"
"1457","2.81"
"1458","2.15"
"1459","0.45"
"1460","6.65"
"1461","8.52"
"1462","1.91"
"1463","2.48"
"1464","7.59"
"1465","3.45"
"1466","4.16"
"1467","2.21"
"1468","8.24"
"1469","4.12"
"1470","8.87"
"1471","3.97"
"1472","5.26"
"1473","5.21"
"1474","6.89"
"1475","9.02"
"1476","2.46"
"1477","0.88"
"1478","5.26"
"1479","5.57"
"1480","7.1"
"1481","0.23"
"1482","4.93"
"1483","2.33"
"1484","5.18"
"1485","4.99"
"1486","2.01"
"1487","0.6"
"1488","3.07"
"1489","3.1"
"1490","3.85"
"1491","6.15"
"1492","4.76"
"1493","4.63"
"1494","0.46"
"1495","1.93"
"1496","1.1"
"1497","6.65"
"1498","9.54"
"1499","4.12"
"1500","5.1"